{
	"class_name" : "PinholeCameraParameters",
	"extrinsic" : 
	[
		1,
		0,
		0,
		0.0,
		0,
		1,
		0,
		0.0,
		0,
		0,
		1,
		0.0,
		0,
		0,
		0,
		1.0
	],
	"intrinsic" : 
	{
		"height" : 720,
		"intrinsic_matrix" : 
		[
			6.417713012695312500e+02,
			0.0,
			0.0,
			0.0,
			6.265823364257812500e+02,
			0.0,
			6.398313614265571232e+02,
			3.661264263195334934e+02,
			1.0
		],
		"width" : 1280
	},
	"version_major" : 1,
	"version_minor" : 0
}